x,y,psi,u,v,r,n1x,n1y,n2x,n2y,n3x,n3y,n4x,n4y,
0.003938,-0.015442,-0.007150,-0.000313,-0.000056,-0.000472,0.000000,0.000000,0.000000,-0.008925,0.000000,-0.052465,0.000000,0.042455
0.003995,-0.015424,-0.007000,-0.000305,-0.000116,-0.000478,0.000000,0.000000,0.000000,-0.007105,0.000000,-0.053210,0.000000,0.042592
0.004057,-0.015393,-0.006835,-0.000299,-0.000178,-0.000469,0.000000,0.000000,0.000000,-0.005826,0.000000,-0.053322,0.000000,0.043214
0.004112,-0.015354,-0.006694,-0.000291,-0.000239,-0.000447,0.000000,0.000000,0.000000,-0.004171,0.000000,-0.053624,0.000000,0.043839
0.004168,-0.015303,-0.006551,-0.000285,-0.000298,-0.000416,0.000000,0.000000,0.000000,-0.003042,0.000000,-0.053438,0.000000,0.044800
0.004220,-0.015246,-0.006429,-0.000278,-0.000355,-0.000379,0.000000,0.000000,0.000000,-0.001627,0.000000,-0.053380,0.000000,0.045744
0.004275,-0.015173,-0.006307,-0.000272,-0.000407,-0.000339,0.000000,0.000000,0.000000,-0.000591,0.000000,-0.053001,0.000000,0.046900
0.004323,-0.015100,-0.006211,-0.000265,-0.000451,-0.000298,0.000000,0.000000,0.000000,0.000000,0.000000,-0.052743,0.000000,0.048023
0.004372,-0.015014,-0.006120,-0.000259,-0.000489,-0.000260,0.000000,0.000000,0.000000,0.000000,0.000000,-0.052278,0.000000,0.049157
0.004417,-0.014930,-0.006047,-0.000253,-0.000521,-0.000226,0.000000,0.000000,0.000000,0.000000,0.000000,-0.051907,0.000000,0.050191
0.004465,-0.014831,-0.005975,-0.000246,-0.000544,-0.000198,0.000000,0.000000,0.000000,0.000000,0.000000,-0.051479,0.000000,0.051190
0.004507,-0.014740,-0.005918,-0.000241,-0.000562,-0.000178,0.000000,0.000000,0.000000,0.000000,0.000000,-0.051172,0.000000,0.052093
0.004548,-0.014647,-0.005866,-0.000235,-0.000572,-0.000165,0.000000,0.000000,0.000000,0.000000,0.000000,-0.050926,0.000000,0.052880
0.004591,-0.014546,-0.005812,-0.000229,-0.000576,-0.000158,0.000000,0.000000,0.000000,0.000000,0.000000,-0.050772,0.000000,0.053523
0.004630,-0.014452,-0.005762,-0.000226,-0.000579,-0.000158,0.000000,0.000000,0.000000,0.000000,0.000000,-0.050642,0.000000,0.054119
0.004672,-0.014347,-0.005706,-0.000218,-0.000569,-0.000161,0.000000,0.000000,0.000000,0.000000,0.000000,-0.050641,0.000000,0.054593
0.004709,-0.014255,-0.005654,-0.000214,-0.000561,-0.000170,0.000000,0.000000,0.000000,0.000000,0.000000,-0.050697,0.000000,0.054934
0.004749,-0.014158,-0.005593,-0.000208,-0.000547,-0.000183,0.000000,0.000000,0.000000,0.000000,0.000000,-0.050804,0.000000,0.055199
0.004785,-0.014070,-0.005532,-0.000204,-0.000534,-0.000200,0.000000,0.000000,0.000000,0.000000,0.000000,-0.051013,0.000000,0.055358
0.004824,-0.013974,-0.005457,-0.000199,-0.000515,-0.000220,0.000000,0.000000,0.000000,0.000000,0.000000,-0.051249,0.000000,0.055452
0.004859,-0.013892,-0.005383,-0.000194,-0.000497,-0.000241,0.000000,0.000000,0.000000,0.000000,0.000000,-0.051613,0.000000,0.055434
0.004896,-0.013806,-0.005296,-0.000190,-0.000478,-0.000265,0.000000,0.000000,0.000000,0.000000,0.000000,-0.051936,0.000000,0.055377
0.004930,-0.013729,-0.005208,-0.000185,-0.000460,-0.000285,0.000000,0.000000,0.000000,0.000000,0.000000,-0.052397,0.000000,0.055230
0.004968,-0.013647,-0.005103,-0.000181,-0.000440,-0.000307,0.000000,0.000000,0.000000,0.000000,0.000000,-0.052731,0.000000,0.055115
0.005001,-0.013576,-0.005003,-0.000177,-0.000424,-0.000325,0.000000,0.000000,0.000000,0.000000,0.000000,-0.053244,0.000000,0.054907
0.005036,-0.013502,-0.004889,-0.000172,-0.000409,-0.000339,0.000000,0.000000,0.000000,0.000000,0.000000,-0.053575,0.000000,0.054777
0.005068,-0.013436,-0.004780,-0.000168,-0.000398,-0.000351,0.000000,0.000000,0.000000,0.000000,0.000000,-0.054001,0.000000,0.054627
0.005103,-0.013363,-0.004655,-0.000164,-0.000389,-0.000359,0.000000,0.000000,0.000000,0.000000,0.000000,-0.054305,0.000000,0.054541
0.005134,-0.013299,-0.004542,-0.000160,-0.000383,-0.000362,0.000000,0.000000,0.000000,0.000000,0.000000,-0.054647,0.000000,0.054495
0.005167,-0.013230,-0.004419,-0.000156,-0.000379,-0.000364,0.000000,0.000000,0.000000,0.000000,0.000000,-0.054868,0.000000,0.054510
0.005196,-0.013167,-0.004305,-0.000152,-0.000377,-0.000364,0.000000,0.000000,0.000000,0.000000,0.000000,-0.055146,0.000000,0.054537
0.005228,-0.013097,-0.004178,-0.000149,-0.000377,-0.000361,0.000000,0.000000,0.000000,0.000000,0.000000,-0.055326,0.000000,0.054614
0.005257,-0.013034,-0.004067,-0.000145,-0.000378,-0.000354,0.000000,0.000000,0.000000,0.000000,0.000000,-0.055527,0.000000,0.054731
0.005286,-0.012965,-0.003949,-0.000141,-0.000380,-0.000347,0.000000,0.000000,0.000000,0.000000,0.000000,-0.055616,0.000000,0.054905
0.005313,-0.012901,-0.003842,-0.000138,-0.000384,-0.000338,0.000000,0.000000,0.000000,0.000000,0.000000,-0.055747,0.000000,0.055098
0.005340,-0.012837,-0.003738,-0.000135,-0.000387,-0.000331,0.000000,0.000000,0.000000,0.000000,0.000000,-0.055791,0.000000,0.055336
0.005368,-0.012765,-0.003624,-0.000132,-0.000390,-0.000324,0.000000,0.000000,0.000000,0.000000,0.000000,-0.055911,0.000000,0.055537
0.005393,-0.012700,-0.003525,-0.000129,-0.000391,-0.000318,0.000000,0.000000,0.000000,0.000000,0.000000,-0.055998,0.000000,0.055775
0.005419,-0.012629,-0.003419,-0.000125,-0.000392,-0.000312,0.000000,0.000000,0.000000,0.000000,0.000000,-0.056102,0.000000,0.055970
0.005443,-0.012564,-0.003322,-0.000122,-0.000394,-0.000306,0.000000,0.000000,0.000000,0.000000,0.000000,-0.056187,0.000000,0.056187
0.005469,-0.012490,-0.003217,-0.000119,-0.000395,-0.000300,0.000000,0.000000,0.000000,0.000000,0.000000,-0.056268,0.000000,0.056395
0.005492,-0.012425,-0.003124,-0.000117,-0.000397,-0.000296,0.000000,0.000000,0.000000,0.000000,0.000000,-0.056347,0.000000,0.056629
0.005516,-0.012353,-0.003025,-0.000113,-0.000397,-0.000290,0.000000,0.000000,0.000000,0.000000,0.000000,-0.056434,0.000000,0.056841
0.005537,-0.012287,-0.002936,-0.000111,-0.000398,-0.000286,0.000000,0.000000,0.000000,0.000000,0.000000,-0.056499,0.000000,0.057061
0.005561,-0.012214,-0.002837,-0.000108,-0.000398,-0.000282,0.000000,0.000000,0.000000,0.000000,0.000000,-0.056582,0.000000,0.057266
0.005581,-0.012148,-0.002749,-0.000106,-0.000397,-0.000279,0.000000,0.000000,0.000000,0.000000,0.000000,-0.056657,0.000000,0.057493
0.005603,-0.012077,-0.002655,-0.000103,-0.000393,-0.000278,0.000000,0.000000,0.000000,0.000000,0.000000,-0.056777,0.000000,0.057657
0.005623,-0.012012,-0.002567,-0.000100,-0.000390,-0.000279,0.000000,0.000000,0.000000,0.000000,0.000000,-0.056902,0.000000,0.057806
0.005644,-0.011940,-0.002469,-0.000098,-0.000386,-0.000281,0.000000,0.000000,0.000000,0.000000,0.000000,-0.057046,0.000000,0.057922
0.005663,-0.011876,-0.002380,-0.000096,-0.000381,-0.000283,0.000000,0.000000,0.000000,0.000000,0.000000,-0.057217,0.000000,0.058036
0.005683,-0.011808,-0.002284,-0.000093,-0.000378,-0.000286,0.000000,0.000000,0.000000,0.000000,0.000000,-0.057376,0.000000,0.058115
0.005702,-0.011746,-0.002194,-0.000091,-0.000375,-0.000286,0.000000,0.000000,0.000000,0.000000,0.000000,-0.057542,0.000000,0.058212
0.005721,-0.011676,-0.002094,-0.000089,-0.000373,-0.000285,0.000000,0.000000,0.000000,0.000000,0.000000,-0.057662,0.000000,0.058323
0.005739,-0.011615,-0.002005,-0.000087,-0.000370,-0.000284,0.000000,0.000000,0.000000,0.000000,0.000000,-0.057799,0.000000,0.058458
0.005757,-0.011548,-0.001909,-0.000085,-0.000368,-0.000285,0.000000,0.000000,0.000000,0.000000,0.000000,-0.057915,0.000000,0.058575
0.005774,-0.011488,-0.001819,-0.000083,-0.000364,-0.000287,0.000000,0.000000,0.000000,0.000000,0.000000,-0.058091,0.000000,0.058673
0.005792,-0.011420,-0.001718,-0.000081,-0.000359,-0.000289,0.000000,0.000000,0.000000,0.000000,0.000000,-0.058244,0.000000,0.058749
0.005808,-0.011361,-0.001627,-0.000079,-0.000355,-0.000292,0.000000,0.000000,0.000000,0.000000,0.000000,-0.058447,0.000000,0.058810
0.005824,-0.011302,-0.001536,-0.000077,-0.000352,-0.000293,0.000000,0.000000,0.000000,0.000000,0.000000,-0.058611,0.000000,0.058860
0.005841,-0.011239,-0.001437,-0.000075,-0.000349,-0.000293,0.000000,0.000000,0.000000,0.000000,0.000000,-0.058763,0.000000,0.058926
0.005856,-0.011181,-0.001346,-0.000073,-0.000348,-0.000292,0.000000,0.000000,0.000000,0.000000,0.000000,-0.058910,0.000000,0.059017
0.005872,-0.011117,-0.001244,-0.000071,-0.000346,-0.000290,0.000000,0.000000,0.000000,0.000000,0.000000,-0.059031,0.000000,0.059124
0.005887,-0.011059,-0.001154,-0.000069,-0.000345,-0.000287,0.000000,0.000000,0.000000,0.000000,0.000000,-0.059162,0.000000,0.059243
0.005902,-0.010997,-0.001058,-0.000068,-0.000345,-0.000284,0.000000,0.000000,0.000000,0.000000,0.000000,-0.059258,0.000000,0.059368
0.005916,-0.010939,-0.000970,-0.000066,-0.000345,-0.000282,0.000000,0.000000,0.000000,0.000000,0.000000,-0.059370,0.000000,0.059503
0.005931,-0.010875,-0.000872,-0.000064,-0.000343,-0.000280,0.000000,0.000000,0.000000,0.000000,0.000000,-0.059465,0.000000,0.059639
0.005944,-0.010818,-0.000784,-0.000063,-0.000343,-0.000279,0.000000,0.000000,0.000000,0.000000,0.000000,-0.059610,0.000000,0.059749
0.005958,-0.010757,-0.000691,-0.000061,-0.000342,-0.000276,0.000000,0.000000,0.000000,0.000000,0.000000,-0.059704,0.000000,0.059875
0.005971,-0.010700,-0.000605,-0.000060,-0.000341,-0.000273,0.000000,0.000000,0.000000,0.000000,0.000000,-0.059818,0.000000,0.060003
0.005985,-0.010636,-0.000511,-0.000058,-0.000339,-0.000270,0.000000,0.000000,0.000000,0.000000,0.000000,-0.059897,0.000000,0.060135
0.005997,-0.010580,-0.000427,-0.000057,-0.000340,-0.000267,0.000000,0.000000,0.000000,0.000000,0.000000,-0.059995,0.000000,0.060276
0.006010,-0.010518,-0.000337,-0.000055,-0.000340,-0.000264,0.000000,0.000000,0.000000,0.000000,0.000000,-0.060070,0.000000,0.060425
0.006021,-0.010462,-0.000255,-0.000054,-0.000338,-0.000260,0.000000,0.000000,0.000000,0.000000,0.000000,-0.060159,0.000000,0.060579
0.006034,-0.010399,-0.000165,-0.000053,-0.000338,-0.000259,0.000000,0.000000,0.000000,0.000000,0.000000,-0.060217,0.000000,0.060720
0.006045,-0.010343,-0.000083,-0.000051,-0.000335,-0.000259,0.000000,0.000000,0.000000,0.000000,0.000000,-0.060357,0.000000,0.060845
0.006056,-0.010283,0.000005,-0.000050,-0.000332,-0.000261,0.000000,0.000000,0.000000,0.000000,0.000000,-0.060471,0.000000,0.060936
0.006067,-0.010228,0.000087,-0.000049,-0.000327,-0.000263,0.000000,0.000000,0.000000,0.000000,0.000000,-0.060637,0.000000,0.061003
0.006079,-0.010167,0.000180,-0.000048,-0.000325,-0.000264,0.000000,0.000000,0.000000,0.000000,0.000000,-0.060775,0.000000,0.061049
0.006089,-0.010113,0.000262,-0.000046,-0.000323,-0.000264,0.000000,0.000000,0.000000,0.000000,0.000000,-0.060920,0.000000,0.061125
0.006100,-0.010055,0.000351,-0.000045,-0.000321,-0.000263,0.000000,0.000000,0.000000,0.000000,0.000000,-0.061024,0.000000,0.061214
0.006109,-0.010002,0.000433,-0.000044,-0.000320,-0.000261,0.000000,0.000000,0.000000,0.000000,0.000000,-0.061140,0.000000,0.061313
0.006119,-0.009948,0.000514,-0.000043,-0.000319,-0.000259,0.000000,0.000000,0.000000,0.000000,0.000000,-0.061223,0.000000,0.061424
0.006129,-0.009889,0.000604,-0.000042,-0.000319,-0.000256,0.000000,0.000000,0.000000,0.000000,0.000000,-0.061314,0.000000,0.061535
0.006139,-0.009836,0.000684,-0.000041,-0.000318,-0.000254,0.000000,0.000000,0.000000,0.000000,0.000000,-0.061401,0.000000,0.061670
0.006148,-0.009778,0.000769,-0.000040,-0.000317,-0.000253,0.000000,0.000000,0.000000,0.000000,0.000000,-0.061480,0.000000,0.061793
0.006157,-0.009726,0.000849,-0.000039,-0.000314,-0.000254,0.000000,0.000000,0.000000,0.000000,0.000000,-0.061607,0.000000,0.061889
0.006167,-0.009668,0.000938,-0.000038,-0.000311,-0.000255,0.000000,0.000000,0.000000,0.000000,0.000000,-0.061732,0.000000,0.061958
0.006175,-0.009616,0.001018,-0.000037,-0.000308,-0.000256,0.000000,0.000000,0.000000,0.000000,0.000000,-0.061898,0.000000,0.062006
0.006184,-0.009561,0.001104,-0.000036,-0.000307,-0.000256,0.000000,0.000000,0.000000,0.000000,0.000000,-0.061994,0.000000,0.062076
0.006192,-0.009510,0.001184,-0.000035,-0.000305,-0.000254,0.000000,0.000000,0.000000,0.000000,0.000000,-0.062127,0.000000,0.062155
0.006201,-0.009453,0.001272,-0.000034,-0.000304,-0.000252,0.000000,0.000000,0.000000,0.000000,0.000000,-0.062204,0.000000,0.062251
0.006209,-0.009402,0.001350,-0.000033,-0.000302,-0.000249,0.000000,0.000000,0.000000,0.000000,0.000000,-0.062315,0.000000,0.062353
0.006217,-0.009348,0.001434,-0.000033,-0.000304,-0.000248,0.000000,0.000000,0.000000,0.000000,0.000000,-0.062378,0.000000,0.062461
0.006224,-0.009297,0.001511,-0.000032,-0.000303,-0.000245,0.000000,0.000000,0.000000,0.000000,0.000000,-0.062479,0.000000,0.062585
0.006232,-0.009240,0.001596,-0.000031,-0.000302,-0.000242,0.000000,0.000000,0.000000,0.000000,0.000000,-0.062536,0.000000,0.062706
0.006240,-0.009190,0.001671,-0.000030,-0.000301,-0.000238,0.000000,0.000000,0.000000,0.000000,0.000000,-0.062620,0.000000,0.062835
0.006247,-0.009136,0.001751,-0.000029,-0.000300,-0.000237,0.000000,0.000000,0.000000,0.000000,0.000000,-0.062673,0.000000,0.062955
0.006254,-0.009086,0.001826,-0.000029,-0.000299,-0.000239,0.000000,0.000000,0.000000,0.000000,0.000000,-0.062800,0.000000,0.063047
0.006261,-0.009030,0.001909,-0.000028,-0.000296,-0.000238,0.000000,0.000553,0.000000,0.000000,0.000000,-0.062910,0.000000,0.063119
0.006268,-0.008981,0.001984,-0.000027,-0.000295,-0.000237,0.000000,0.000919,0.000000,0.000000,0.000000,-0.063092,0.000000,0.063157
0.355533,0.348869,0.226789,-0.000026,-0.000292,-0.000234,0.000000,0.001270,0.000000,0.000000,0.000000,-0.063165,0.000000,0.063246
0.355463,0.348977,0.226853,0.000009,-0.000162,-0.000183,0.000000,1.000000,0.000000,0.000000,0.706276,0.000000,1.000000,1.000000
0.355569,0.348382,0.226612,0.001353,0.002817,0.001122,0.000000,1.000000,0.000000,0.000000,0.149288,-0.182885,0.477521,1.000000
0.355966,0.345711,0.225616,0.005391,0.012193,0.003980,0.000000,1.000000,0.000000,0.000000,0.313389,-0.280964,0.829907,1.000000
0.357131,0.338265,0.222687,0.013447,0.027687,0.010291,0.000000,1.000000,0.000000,0.000000,0.268209,-0.215829,0.596109,1.000000
0.358922,0.325527,0.217712,0.023673,0.049484,0.017734,0.000000,1.000000,0.000000,0.000000,0.307644,-0.292872,0.587085,1.000000
0.361516,0.303099,0.209055,0.036608,0.076060,0.027081,0.000000,1.000000,0.000000,0.000000,0.327451,-0.331698,0.440967,0.859270
0.364002,0.274741,0.197949,0.051363,0.102356,0.038280,0.000000,0.739971,0.000000,0.000000,0.402093,-0.398036,0.370487,0.600898
0.365704,0.235662,0.181883,0.069986,0.120671,0.050181,0.000000,0.131778,0.000000,0.000000,0.556697,-0.330382,0.427275,0.347583
0.363884,0.194588,0.164056,0.093457,0.126805,0.058859,0.000000,0.000000,0.000000,-0.312599,0.768737,-0.160765,0.528200,0.080737
0.355302,0.147197,0.142229,0.120647,0.121158,0.062984,0.000000,0.000000,0.000000,-0.965751,0.649184,0.000000,0.461144,0.000000
0.340700,0.107581,0.122940,0.145364,0.108910,0.060937,0.000000,0.000000,0.000000,-1.000000,0.412336,-0.008165,0.519692,0.000000
0.318066,0.071475,0.104536,0.164417,0.090350,0.052096,0.000000,0.000000,0.000000,-1.000000,0.255467,-0.051068,0.270016,0.000000
0.292442,0.046438,0.091452,0.175883,0.069795,0.038101,0.000000,0.000000,0.000000,-0.850149,0.005618,-0.092768,0.230678,0.000000
0.260814,0.028031,0.082022,0.181769,0.050029,0.023362,0.000000,0.000000,0.000000,-0.459609,0.000000,-0.226361,0.086715,0.000000
0.231600,0.018158,0.077444,0.182199,0.035087,0.012427,-0.094892,0.000000,0.000000,-0.116573,0.000000,-0.208615,0.000000,0.000000
0.202499,0.011863,0.074797,0.179505,0.025095,0.007654,-0.216646,0.000000,-0.194692,0.000000,0.000000,-0.243259,0.000000,0.000000
0.171967,0.007099,0.072448,0.172999,0.016973,0.006991,-0.235983,0.000000,-0.260796,0.000000,0.000000,-0.220414,0.000000,0.000000
0.144888,0.003773,0.069964,0.165393,0.011192,0.008380,-0.328500,0.000000,-0.361044,0.000000,0.000000,-0.137221,0.000000,0.000000
0.116190,0.000894,0.066408,0.155488,0.006184,0.010873,-0.350156,0.000000,-0.400024,0.000000,0.000000,-0.092797,0.000000,0.000000
0.092207,-0.001060,0.062384,0.145585,0.002687,0.013488,-0.419424,0.000000,-0.454321,0.000000,0.000000,0.000000,0.000000,0.000000
0.068208,-0.002523,0.057209,0.133795,-0.000356,0.015958,-0.431718,0.000000,-0.470663,0.000000,0.000000,0.000000,0.000000,0.000000
0.047892,-0.003232,0.051826,0.121941,-0.002775,0.017598,-0.469860,0.000000,-0.471396,0.000000,0.000000,0.000000,0.000000,0.000000
0.027470,-0.003274,0.045333,0.108398,-0.005104,0.018823,-0.480075,0.000000,-0.450224,0.000000,0.000000,0.000000,0.000000,0.010476
0.011409,-0.002677,0.039298,0.095579,-0.006807,0.019382,-0.495475,0.000000,-0.432396,0.000000,0.000000,0.000000,0.000000,0.076908
-0.003580,-0.001451,0.032723,0.081617,-0.008201,0.019445,-0.481880,0.000000,-0.404083,0.000000,0.000000,0.000000,0.000000,0.127162
-0.015294,0.000102,0.026766,0.068985,-0.008994,0.018871,-0.464471,0.000000,-0.367898,0.000000,0.000000,0.000000,0.000000,0.181558
-0.026023,0.002135,0.020499,0.055629,-0.009239,0.017451,-0.440630,0.000000,-0.333626,0.000000,0.000000,0.000000,0.000000,0.223168
-0.033593,0.004027,0.015504,0.044229,-0.008830,0.015417,-0.400650,0.000000,-0.287626,0.000000,0.000000,0.000000,0.000000,0.254742
-0.039835,0.005950,0.010980,0.033721,-0.007907,0.012751,-0.366469,0.000000,-0.255781,0.000000,0.000000,0.000000,0.000000,0.269438
-0.044041,0.007463,0.007763,0.024096,-0.006395,0.009451,-0.319895,0.000000,-0.218438,0.000000,0.000000,0.000000,0.000000,0.266957
-0.047136,0.008676,0.005436,0.015974,-0.004541,0.006002,-0.270298,0.027622,-0.186309,0.000000,0.000000,0.000000,0.000000,0.244766
-0.048940,0.009334,0.004140,0.009351,-0.002119,0.003406,-0.226794,0.064520,-0.162133,0.000000,0.000000,0.000000,0.000000,0.208766
-0.049826,0.009458,0.003496,0.004008,0.000442,0.001483,-0.186575,0.059322,-0.136692,0.000000,0.000000,0.000000,0.000000,0.164997
-0.049935,0.009105,0.003380,-0.000290,0.002866,0.000062,-0.152542,0.060564,-0.114249,0.000000,0.000000,0.000000,0.000000,0.123623
-0.049426,0.008265,0.003637,-0.003608,0.004867,-0.000968,-0.121797,0.049435,-0.093054,0.000000,0.000000,0.000000,0.000000,0.082223
-0.048537,0.007210,0.004105,-0.006086,0.006389,-0.001632,-0.095577,0.040477,-0.073888,0.000000,0.000000,0.000000,0.000000,0.046120
-0.047234,0.005845,0.004771,-0.007922,0.007444,-0.002057,-0.074489,0.030209,-0.057200,0.000000,0.000000,0.000000,0.000000,0.016809
-0.045792,0.004445,0.005466,-0.009261,0.008155,-0.002253,-0.054747,0.022855,-0.040948,0.000000,0.000000,-0.010618,0.000000,0.000000
-0.043989,0.002789,0.006276,-0.010196,0.008583,-0.002323,-0.040083,0.019857,-0.025198,0.000000,0.000000,-0.026425,0.000000,0.000000
-0.042271,0.001267,0.006972,-0.010739,0.008860,-0.002173,-0.025335,0.025575,-0.009651,0.000000,0.000000,-0.042926,0.000000,0.000000
-0.040356,-0.000397,0.007623,-0.011007,0.009064,-0.001846,-0.017460,0.023718,0.000000,0.000000,0.000000,-0.051466,0.000000,0.000000
-0.038562,-0.001940,0.008104,-0.011095,0.009194,-0.001439,-0.006052,0.017848,0.000000,0.000000,0.000000,-0.061154,0.000000,0.000000
-0.036562,-0.003652,0.008488,-0.010981,0.009184,-0.000982,0.000000,0.002884,0.000000,0.000000,0.000000,-0.066485,0.000000,0.000000
-0.034803,-0.005154,0.008688,-0.010828,0.009125,-0.000541,0.000000,0.000000,0.000000,0.000000,0.000000,-0.071320,0.000000,0.000000
-0.032939,-0.006734,0.008760,-0.010618,0.008967,-0.000119,0.000000,0.000000,0.000000,0.000000,0.000000,-0.075103,0.000000,0.000000
-0.031251,-0.008152,0.008698,-0.010381,0.008741,0.000303,0.000000,0.000000,0.000000,-0.003357,0.000000,-0.079041,0.000000,0.000000
-0.029601,-0.009520,0.008512,-0.010163,0.008486,0.000698,0.000000,0.000000,0.000000,-0.020200,0.000000,-0.079598,0.000000,0.000000
-0.027798,-0.010985,0.008158,-0.009936,0.008166,0.001126,0.000000,0.000000,0.000000,-0.032004,0.000000,-0.080209,0.000000,0.000000
-0.026230,-0.012229,0.007718,-0.009741,0.007843,0.001496,0.000000,0.000000,0.000000,-0.046886,0.000000,-0.079946,0.000000,0.000000
-0.024581,-0.013500,0.007124,-0.009493,0.007423,0.001851,0.000000,0.000000,0.000000,-0.058286,0.000000,-0.078509,0.000000,0.000000
-0.023097,-0.014606,0.006481,-0.009274,0.007017,0.002119,0.000000,0.000000,0.000000,-0.069929,0.000000,-0.076539,0.000000,0.000000
-0.021484,-0.015759,0.005680,-0.009029,0.006534,0.002342,0.000000,0.000000,0.000000,-0.078751,0.000000,-0.074867,0.000000,0.000000
-0.020086,-0.016709,0.004914,-0.008819,0.006067,0.002478,0.000000,0.000000,0.000000,-0.087744,0.000000,-0.072933,0.000000,0.000000
-0.018618,-0.017647,0.004060,-0.008581,0.005510,0.002541,0.000000,0.000000,0.000000,-0.093227,0.000000,-0.071277,0.000000,0.000000
-0.017296,-0.018431,0.003266,-0.008382,0.004981,0.002529,0.000000,0.000000,0.000000,-0.097461,0.000000,-0.069618,0.000000,0.000000
-0.015855,-0.019208,0.002402,-0.008166,0.004388,0.002441,0.000000,0.000000,0.000000,-0.099310,0.000000,-0.068793,0.000000,0.000000
-0.014600,-0.019809,0.001671,-0.007976,0.003789,0.002301,0.000000,0.000000,0.000000,-0.099897,0.000000,-0.068239,0.000000,0.000000
-0.013277,-0.020356,0.000942,-0.007786,0.003173,0.002114,0.000000,0.000000,0.000000,-0.097619,0.000000,-0.067698,0.000000,0.000000
-0.012078,-0.020767,0.000333,-0.007596,0.002534,0.001894,0.000000,0.000000,0.000000,-0.094565,0.000000,-0.067881,0.000000,0.000000
-0.010765,-0.021117,-0.000270,-0.007428,0.001900,0.001667,0.000000,0.000000,0.000000,-0.089133,0.000000,-0.067522,0.000000,0.000000
-0.009617,-0.021332,-0.000737,-0.007255,0.001281,0.001447,0.000000,0.000000,0.000000,-0.083870,0.000000,-0.067848,0.000000,0.000000
-0.008402,-0.021461,-0.001172,-0.007082,0.000677,0.001247,0.000000,0.000000,0.000000,-0.077181,0.000000,-0.067191,0.000000,0.000000
-0.007301,-0.021489,-0.001520,-0.006903,0.000085,0.001072,0.000000,0.000000,0.000000,-0.070658,0.000000,-0.066757,0.000000,0.000000
-0.006093,-0.021420,-0.001859,-0.006740,-0.000478,0.000935,0.000000,0.000000,0.000000,-0.063501,0.000000,-0.065345,0.000000,0.000000
-0.005038,-0.021272,-0.002128,-0.006594,-0.000999,0.000840,0.000000,0.000000,0.000000,-0.056968,0.000000,-0.063883,0.000000,0.004092
-0.003923,-0.021029,-0.002395,-0.006434,-0.001477,0.000778,0.000000,0.000000,0.000000,-0.048764,0.000000,-0.062932,0.000000,0.012076
-0.002914,-0.020731,-0.002631,-0.006296,-0.001926,0.000751,0.000000,0.000000,0.000000,-0.039848,0.000000,-0.062479,0.000000,0.020526
-0.001810,-0.020326,-0.002894,-0.006140,-0.002314,0.000752,0.000000,0.000000,0.000000,-0.031585,0.000000,-0.061247,0.000000,0.029376
-0.000848,-0.019908,-0.003134,-0.006002,-0.002646,0.000773,0.000000,0.000000,0.000000,-0.023605,0.003143,-0.059978,0.000000,0.038358
0.000090,-0.019446,-0.003380,-0.005858,-0.002909,0.000793,0.000000,0.000000,0.000000,-0.017589,0.006790,-0.056760,0.000000,0.045976
0.001076,-0.018909,-0.003650,-0.005679,-0.003126,0.000799,0.000000,0.000000,0.000000,-0.012121,0.009850,-0.053968,0.000000,0.052294
0.001962,-0.018386,-0.003897,-0.005517,-0.003269,0.000782,0.000000,0.000000,0.000000,-0.006789,0.012904,-0.050928,0.000000,0.058797
0.002923,-0.017782,-0.004158,-0.005331,-0.003361,0.000732,0.000000,0.000000,0.000000,-0.001683,0.015404,-0.049242,0.000000,0.063716
0.003753,-0.017236,-0.004369,-0.005153,-0.003389,0.000653,0.000000,0.000000,0.000000,0.000000,0.018076,-0.047271,0.000000,0.068832
0.004620,-0.016647,-0.004561,-0.004966,-0.003376,0.000532,0.000000,0.000000,0.000000,0.000000,0.019052,-0.046643,0.000000,0.071796
0.005395,-0.016109,-0.004694,-0.004782,-0.003317,0.000387,0.000000,0.000000,0.000000,0.000000,0.020206,-0.046608,0.000000,0.074792
0.006233,-0.015521,-0.004783,-0.004597,-0.003229,0.000201,0.000000,0.000000,0.000000,0.000000,0.020616,-0.047458,0.000000,0.076381
0.006955,-0.015012,-0.004801,-0.004428,-0.003124,0.000011,0.000000,0.000000,0.000000,0.000000,0.021374,-0.048945,0.000000,0.077858
0.007707,-0.014482,-0.004750,-0.004244,-0.002992,-0.000210,0.000000,0.000000,0.000000,0.000000,0.021446,-0.050713,0.000000,0.078295
0.008379,-0.014010,-0.004637,-0.004080,-0.002864,-0.000417,0.000000,0.000000,0.000000,0.000000,0.021569,-0.053529,0.000000,0.078197
0.009104,-0.013505,-0.004433,-0.003907,-0.002725,-0.000635,0.000000,0.000000,0.000000,0.000000,0.021465,-0.055859,0.000000,0.077957
0.009726,-0.013073,-0.004185,-0.003740,-0.002592,-0.000841,0.000000,0.000000,0.000000,0.000000,0.021444,-0.059217,0.000000,0.077306
0.010373,-0.012625,-0.003850,-0.003573,-0.002466,-0.001031,0.000000,0.000000,0.000000,0.000000,0.020941,-0.062044,0.000000,0.076424
0.010948,-0.012226,-0.003485,-0.003426,-0.002364,-0.001213,0.000000,0.000000,0.000000,0.000000,0.020734,-0.065453,0.001434,0.075592
0.011564,-0.011794,-0.003021,-0.003256,-0.002269,-0.001357,0.000000,0.000000,0.000000,0.000000,0.020325,-0.068344,0.005208,0.074770
0.012087,-0.011419,-0.002569,-0.003080,-0.002192,-0.001466,0.000000,0.000000,0.000000,0.000000,0.020225,-0.071240,0.007414,0.074211
0.012621,-0.011022,-0.002052,-0.002912,-0.002146,-0.001550,0.000000,0.000821,0.000000,0.000000,0.019544,-0.073232,0.009705,0.073830
0.013087,-0.010660,-0.001556,-0.002722,-0.002105,-0.001596,0.000000,0.005651,0.000000,0.000000,0.018964,-0.075732,0.011308,0.073884
0.013575,-0.010258,-0.000991,-0.002547,-0.002084,-0.001616,0.000000,0.007333,0.000000,0.000000,0.016515,-0.077678,0.010088,0.074030
0.013981,-0.009901,-0.000488,-0.002409,-0.002102,-0.001632,0.000000,0.009899,0.000000,0.000000,0.015883,-0.080212,0.012733,0.075403
0.014390,-0.009516,0.000046,-0.002204,-0.002066,-0.001572,0.000000,0.014260,0.000000,0.000000,0.014459,-0.081284,0.011825,0.076720
0.014741,-0.009160,0.000525,-0.002043,-0.002062,-0.001517,0.000000,0.014874,0.000000,0.000000,0.012291,-0.082717,0.010529,0.077964
0.015105,-0.008762,0.001037,-0.001892,-0.002061,-0.001445,0.000000,0.017238,0.000000,0.000000,0.011843,-0.083535,0.012128,0.080193
0.015406,-0.008409,0.001470,-0.001751,-0.002054,-0.001364,0.000000,0.020833,0.000000,0.000000,0.010442,-0.083881,0.010195,0.081957
0.015706,-0.008030,0.001908,-0.001622,-0.002038,-0.001275,0.000000,0.021196,0.000000,0.000000,0.008778,-0.084629,0.009362,0.083836
0.015964,-0.007684,0.002285,-0.001504,-0.002018,-0.001180,0.000000,0.023706,0.000000,0.000000,0.008511,-0.084793,0.010013,0.086267
0.016231,-0.007303,0.002673,-0.001394,-0.001984,-0.001088,0.000000,0.025686,0.000000,0.000000,0.007139,-0.084632,0.007568,0.087936
0.016451,-0.006972,0.002992,-0.001294,-0.001931,-0.001000,0.000000,0.026220,0.000000,0.000000,0.006263,-0.085067,0.007818,0.089933
0.016656,-0.006651,0.003286,-0.001205,-0.001870,-0.000920,0.000000,0.028205,0.000000,0.000000,0.005896,-0.084910,0.006975,0.091616
-0.251058,-0.311473,0.998021,-0.001117,-0.001790,-0.000838,0.000000,0.028762,0.000000,0.000000,0.004844,-0.084997,0.005785,0.092749
-0.250688,-0.311338,0.998223,-0.001050,-0.001885,-0.000475,0.000000,1.000000,-1.000000,0.000000,0.000000,-1.000000,0.000000,0.000000
-0.251379,-0.309888,0.997246,-0.001764,-0.004814,0.004712,0.000000,1.000000,-1.000000,0.000000,0.000000,-1.000000,0.000000,0.000000
-0.255044,-0.304813,0.992747,-0.005313,-0.010804,0.018260,0.000000,1.000000,-1.000000,0.000000,0.000000,-1.000000,0.000000,0.000000
-0.265103,-0.291382,0.979851,-0.014639,-0.018407,0.047102,0.000000,1.000000,-1.000000,0.000000,0.000000,-1.000000,0.000000,0.000000
-0.282194,-0.267198,0.955890,-0.028591,-0.022263,0.088089,0.000000,1.000000,-1.000000,0.000000,0.000000,-1.000000,0.000000,0.000000
-0.309462,-0.220767,0.910369,-0.048447,-0.019671,0.146405,0.000000,0.973360,-1.000000,0.000000,0.000000,-1.000000,0.000000,0.000000
-0.334316,-0.158160,0.851494,-0.069099,-0.013063,0.200926,-0.137916,0.026231,-0.940200,0.000000,0.000000,-1.000000,0.000000,0.000000
-0.347911,-0.070007,0.771675,-0.091794,-0.004041,0.246051,-0.255564,0.000000,-0.551023,0.000000,0.000000,-0.720809,0.000000,0.000000
-0.337070,0.020551,0.688345,-0.110434,0.008303,0.270703,-0.629661,0.000000,-0.303542,-0.896623,0.000000,0.000000,0.000000,0.000000
-0.294426,0.112969,0.593446,-0.125134,0.027705,0.269254,-0.659401,0.000000,0.000000,-1.000000,0.000000,0.000000,0.000000,0.462778
-0.236306,0.174579,0.514313,-0.135914,0.041041,0.246551,-0.578436,0.000000,0.000000,-1.000000,0.000000,0.000000,0.000000,1.000000
-0.166768,0.213687,0.441591,-0.139416,0.051869,0.204719,-0.235730,0.000000,0.000000,-0.861707,0.000000,0.000000,0.000000,1.000000
-0.107791,0.228021,0.389434,-0.135838,0.058341,0.154174,0.000000,0.000000,0.000000,-0.437194,0.167557,0.000000,0.000000,1.000000
-0.053795,0.227324,0.347508,-0.126871,0.070209,0.108939,0.000000,0.302709,0.000000,0.000000,0.264894,0.000000,0.000000,1.000000
-0.015987,0.217397,0.321952,-0.119587,0.085006,0.074363,0.000000,0.438873,0.000000,0.000000,0.246935,0.000000,0.000000,0.571412
0.016513,0.200968,0.303148,-0.111606,0.098666,0.051193,0.000000,0.391681,0.000000,0.000000,0.276789,-0.404161,0.117410,0.077690
0.041750,0.182855,0.289556,-0.101680,0.107554,0.042153,0.000000,0.126538,0.000000,0.000000,0.376925,-0.597292,0.561913,0.000000
0.066014,0.160557,0.275104,-0.085259,0.111106,0.041618,0.000000,0.256026,0.000000,-0.069100,0.505602,-0.684090,0.560651,0.000000
0.084463,0.139449,0.260653,-0.066483,0.110034,0.048438,0.000000,0.011464,0.000000,-0.394686,0.447885,-0.681385,0.481881,0.000000
0.100822,0.116070,0.241848,-0.043443,0.100717,0.058095,0.000000,0.000000,0.000000,-0.468342,0.497068,-0.562268,0.727811,0.000000
0.111763,0.094603,0.221597,-0.018587,0.087519,0.066241,0.000000,0.000000,0.000000,-0.878950,0.488971,-0.319262,0.450057,0.000000
0.118058,0.072318,0.198487,0.005976,0.073061,0.065088,0.000000,0.000000,0.000000,-0.789436,0.343738,-0.149750,0.590103,0.000000
0.118399,0.055413,0.179985,0.026117,0.057934,0.056947,0.000000,0.000000,0.000000,-0.862422,0.291195,-0.132139,0.286188,0.000000
0.114780,0.042245,0.164741,0.040572,0.042722,0.046309,0.000000,0.000000,0.000000,-0.483254,0.085134,-0.115600,0.405148,0.000000
0.107926,0.032015,0.151381,0.050805,0.027176,0.037418,0.000000,0.021279,0.000000,-0.322314,0.051198,-0.230733,0.086515,0.000000
0.100033,0.025479,0.140765,0.056069,0.015768,0.033191,0.000000,0.009024,0.000000,0.000000,0.000000,-0.150947,0.178590,0.000000
0.090361,0.020404,0.129496,0.058288,0.006657,0.032034,0.000000,0.048337,0.000000,0.000000,0.000000,-0.141124,0.000000,0.000000
0.081442,0.017258,0.119501,0.058740,0.001103,0.031880,0.000000,0.000000,0.000000,0.000000,0.000000,-0.015635,0.000000,0.099475
0.071720,0.014924,0.108902,0.058501,-0.002530,0.031140,0.000000,0.137373,0.000000,0.000000,0.000000,0.000000,0.000000,0.146993
0.062735,0.013487,0.099408,0.057880,-0.004315,0.030056,-0.025735,0.097579,0.000000,0.000000,0.000000,0.000000,0.000000,0.188542
0.052786,0.012479,0.089301,0.056631,-0.005107,0.028316,-0.077413,0.145759,0.000000,0.000000,0.000000,0.000000,0.000000,0.220901
0.044087,0.011956,0.080876,0.055273,-0.005009,0.026451,-0.123003,0.138718,-0.009306,0.000000,0.000000,0.000000,0.000000,0.228354
0.034965,0.011649,0.072504,0.053335,-0.004284,0.024148,-0.151791,0.136420,-0.042257,0.000000,0.000000,0.000000,0.000000,0.226411
0.026815,0.011501,0.065465,0.051257,-0.003311,0.021882,-0.170026,0.103575,-0.068718,0.000000,0.000000,0.000000,0.000000,0.212364
0.018061,0.011398,0.058428,0.048983,-0.002076,0.019406,-0.183958,0.088692,-0.091766,0.000000,0.000000,0.000000,0.000000,0.196782
0.010608,0.011299,0.052897,0.046706,-0.000850,0.017167,-0.202888,0.069364,-0.122078,0.000000,0.000000,0.000000,0.000000,0.174572
0.002976,0.011136,0.047690,0.044179,0.000375,0.014938,-0.206135,0.040418,-0.136810,0.000000,0.000000,0.000000,0.000000,0.149605
-0.003681,0.010911,0.043543,0.041272,0.001557,0.012733,-0.219801,0.033379,-0.161563,0.000000,0.000000,0.000000,0.000000,0.126913
-0.010640,0.010563,0.039609,0.038406,0.002498,0.010765,-0.213195,0.007624,-0.168451,0.000000,0.000000,0.000000,0.000000,0.097176
-0.016385,0.010174,0.036674,0.035423,0.003248,0.009010,-0.224736,0.005472,-0.189109,0.000000,0.000000,0.000000,0.000000,0.077213
-0.022068,0.009678,0.034030,0.032228,0.003785,0.007492,-0.213665,0.000000,-0.188910,0.000000,0.000000,0.000000,0.000000,0.053011
-0.026832,0.009160,0.031986,0.029003,0.004216,0.006254,-0.218335,0.000000,-0.199956,0.000000,0.000000,0.000000,0.000000,0.037365
-0.031581,0.008525,0.030057,0.025662,0.004500,0.005282,-0.205598,0.000000,-0.194133,0.000000,0.000000,0.000000,0.000000,0.020631
-0.035296,0.007920,0.028582,0.022419,0.004704,0.004562,-0.206716,0.000000,-0.198144,0.000000,0.000000,0.000000,0.000000,0.011053
-0.038752,0.007238,0.027184,0.019191,0.004820,0.004017,-0.192364,0.000000,-0.186824,0.000000,0.000000,0.000000,0.000000,0.001522
-0.041452,0.006590,0.026024,0.016007,0.004890,0.003605,-0.189840,0.000000,-0.184554,0.000000,0.000000,0.000000,0.000000,0.000000
-0.043926,0.005851,0.024840,0.013036,0.004944,0.003311,-0.174011,0.000000,-0.170056,0.000000,0.000000,0.000000,0.000000,0.000000
-0.045608,0.005210,0.023899,0.010114,0.004879,0.003030,-0.169949,0.000000,-0.165777,0.000000,0.000000,0.000000,0.000000,0.000000
-0.047094,0.004457,0.022870,0.007634,0.004965,0.002891,-0.151671,0.000000,-0.147445,0.000000,0.000000,0.000000,0.000000,0.000000
-0.048023,0.003780,0.022000,0.005210,0.004963,0.002736,-0.149276,0.000000,-0.143476,0.000000,0.000000,0.000000,0.000000,0.000000
-0.048658,0.003018,0.021074,0.003040,0.004975,0.002614,-0.130911,0.000000,-0.124256,0.000000,0.000000,0.000000,0.000000,0.000000
-0.048904,0.002333,0.020284,0.001131,0.004970,0.002500,-0.126329,0.000000,-0.117700,0.000000,0.000000,0.000000,0.000000,0.000000
-0.048868,0.001589,0.019466,-0.000546,0.004974,0.002400,-0.110970,0.000000,-0.101128,0.000000,0.000000,0.000000,0.000000,0.000000
-0.048593,0.000896,0.018739,-0.002027,0.004962,0.002296,-0.104784,0.000000,-0.093119,0.000000,0.000000,0.000000,0.000000,0.000000
-0.048117,0.000198,0.018042,-0.003233,0.004975,0.002213,-0.091724,0.000000,-0.078834,0.000000,0.000000,0.000000,0.000000,0.000000
-0.047383,-0.000589,0.017293,-0.004337,0.004961,0.002111,-0.085748,0.000000,-0.071355,0.000000,0.000000,0.000000,0.000000,0.000000
-0.046577,-0.001297,0.016654,-0.005185,0.004967,0.002028,-0.073233,0.000000,-0.057737,0.000000,0.000000,-0.000224,0.000000,0.000000
-0.045578,-0.002069,0.015986,-0.005924,0.004972,0.001964,-0.068331,0.005974,-0.051501,0.000000,0.000000,-0.004435,0.000000,0.000000
-0.044556,-0.002790,0.015384,-0.006468,0.004977,0.001908,-0.057594,0.000000,-0.037875,0.000000,0.000000,-0.009672,0.000000,0.000000
-0.043326,-0.003602,0.014728,-0.006942,0.005000,0.001874,-0.053884,0.008735,-0.031024,0.000000,0.000000,-0.009872,0.000000,0.000000
-0.042172,-0.004334,0.014146,-0.007238,0.005000,0.001853,-0.044441,0.001639,-0.020150,0.000000,0.000000,-0.017081,0.000000,0.000000
-0.040883,-0.005127,0.013526,-0.007479,0.005002,0.001836,-0.040931,0.007637,-0.012645,0.000000,0.000000,-0.015687,0.000000,0.000000
-0.039664,-0.005864,0.012952,-0.007635,0.005012,0.001839,-0.033777,0.003760,-0.004713,0.000000,0.000000,-0.022031,0.000000,0.000000
-0.038284,-0.006689,0.012310,-0.007698,0.004986,0.001836,-0.029402,0.004453,0.000000,0.000000,0.000000,-0.021706,0.000000,0.000000
-0.037047,-0.007424,0.011734,-0.007709,0.004955,0.001841,-0.022367,0.000241,0.000000,0.000000,0.000000,-0.026403,0.000000,0.000000
-0.035716,-0.008213,0.011113,-0.007684,0.004903,0.001840,-0.015572,0.000000,0.000000,0.000000,0.000000,-0.027588,0.000000,0.000000
-0.034494,-0.008935,0.010535,-0.007629,0.004840,0.001856,-0.008474,0.000000,0.000000,0.000000,0.000000,-0.031257,0.000000,0.000000
-0.033142,-0.009731,0.009876,-0.007533,0.004765,0.001893,-0.002820,0.000000,0.000000,0.000000,0.000000,-0.032604,0.000000,0.000000
-0.031956,-0.010430,0.009270,-0.007406,0.004676,0.001947,0.000000,0.000000,0.000000,0.000000,0.000000,-0.035016,0.000000,0.000000
-0.030699,-0.011170,0.008593,-0.007276,0.004589,0.002024,0.000000,0.000000,0.000000,-0.004254,0.000000,-0.035724,0.000000,0.000000
-0.029560,-0.011839,0.007938,-0.007123,0.004481,0.002109,0.000000,0.000000,0.000000,-0.013247,0.000000,-0.036955,0.000000,0.000000
-0.028314,-0.012568,0.007173,-0.006989,0.004377,0.002205,0.000000,0.000000,0.000000,-0.020150,0.000000,-0.036478,0.000000,0.000000
-0.027227,-0.013200,0.006463,-0.006842,0.004251,0.002287,0.000000,0.000000,0.000000,-0.028827,0.000000,-0.037040,0.000000,0.000000
-0.026081,-0.013859,0.005673,-0.006698,0.004115,0.002350,0.000000,0.000000,0.000000,-0.035421,0.000000,-0.036149,0.000000,0.000000
-0.025047,-0.014446,0.004929,-0.006544,0.003956,0.002386,0.000000,0.000000,0.000000,-0.042545,0.000000,-0.036296,0.000000,0.000000
-0.023920,-0.015075,0.004090,-0.006393,0.003785,0.002396,0.000000,0.000000,0.000000,-0.047957,0.000000,-0.035549,0.000000,0.000000
-0.022978,-0.015588,0.003376,-0.006310,0.003634,0.002399,0.000000,0.000000,0.000000,-0.053857,0.000000,-0.035754,0.000000,0.000000
-0.021907,-0.016153,0.002558,-0.006100,0.003389,0.002324,0.000000,0.000000,0.000000,-0.058402,0.000000,-0.035438,0.000000,0.000000
-0.020975,-0.016624,0.001852,-0.005954,0.003156,0.002240,0.000000,0.000000,0.000000,-0.061084,0.000000,-0.035563,0.000000,0.000000
-0.020065,-0.017062,0.001177,-0.005803,0.002913,0.002128,0.000000,0.000000,0.000000,-0.063106,0.000000,-0.035744,0.000000,0.000000
-0.019070,-0.017510,0.000468,-0.005659,0.002637,0.001985,0.000000,0.000000,0.000000,-0.064120,0.000000,-0.036213,0.000000,0.000000
-0.018202,-0.017870,-0.000118,-0.005527,0.002370,0.001835,0.000000,0.000000,0.000000,-0.064724,0.000000,-0.036980,0.000000,0.000000
-0.017285,-0.018213,-0.000694,-0.005390,0.002065,0.001658,0.000000,0.000000,0.000000,-0.064068,0.000000,-0.037628,0.000000,0.000000
-0.016454,-0.018488,-0.001174,-0.005265,0.001778,0.001489,0.000000,0.000000,0.000000,-0.062540,0.000000,-0.038603,0.000000,0.000000
-0.015543,-0.018744,-0.001649,-0.005146,0.001460,0.001307,0.000000,0.000000,0.000000,-0.060645,0.000000,-0.039381,0.000000,0.000000
-0.014747,-0.018926,-0.002018,-0.005025,0.001163,0.001142,0.000000,0.000000,0.000000,-0.058045,0.000000,-0.040382,0.000000,0.000000
-0.013904,-0.019073,-0.002362,-0.004895,0.000837,0.000972,0.000000,0.000000,0.000000,-0.055130,0.000000,-0.040985,0.000000,0.000000
-0.013140,-0.019161,-0.002634,-0.004787,0.000545,0.000835,0.000000,0.000000,0.000000,-0.051398,0.000000,-0.041598,0.000000,0.000000
-0.012302,-0.019208,-0.002893,-0.004675,0.000231,0.000706,0.000000,0.000000,0.000000,-0.048242,0.000000,-0.041906,0.000000,0.000000
-0.011569,-0.019204,-0.003091,-0.004571,-0.000048,0.000609,0.000000,0.000000,0.000000,-0.044424,0.000000,-0.041963,0.000000,0.003210
-0.010795,-0.019151,-0.003275,-0.004463,-0.000325,0.000527,0.000000,0.000000,0.000000,-0.039623,0.000000,-0.042800,0.000000,0.006821
-0.010093,-0.019061,-0.003424,-0.004361,-0.000593,0.000464,0.000000,0.000000,0.000000,-0.034990,0.000000,-0.043034,0.000000,0.011147
-0.009325,-0.018914,-0.003575,-0.004265,-0.000842,0.000423,0.000000,0.000000,0.000000,-0.029928,0.000000,-0.043306,0.000000,0.015475
-0.008654,-0.018746,-0.003701,-0.004162,-0.001063,0.000397,0.000000,0.000000,0.000000,-0.025372,0.000000,-0.043252,0.000000,0.020255
-0.007947,-0.018530,-0.003832,-0.004063,-0.001259,0.000386,0.000000,0.000000,0.000000,-0.020764,0.000000,-0.043168,0.000000,0.024712
-0.007306,-0.018301,-0.003953,-0.003975,-0.001437,0.000385,0.000000,0.000000,0.000000,-0.016650,0.000000,-0.042773,0.000000,0.029410
-0.006606,-0.018017,-0.004088,-0.003878,-0.001582,0.000388,0.000000,0.000000,0.000000,-0.012529,0.000000,-0.042407,0.000000,0.033885
-0.005995,-0.017743,-0.004211,-0.003787,-0.001698,0.000392,0.000000,0.000000,0.000000,-0.008749,0.000000,-0.041906,0.000000,0.038460
-0.005351,-0.017431,-0.004344,-0.003705,-0.001788,0.000395,0.000000,0.000000,0.000000,-0.005176,0.000000,-0.041656,0.000000,0.042444
0.470157,-0.029242,0.717756,-0.003619,-0.001850,0.000390,0.000000,0.000000,0.000000,-0.001972,0.000000,-0.041188,0.000000,0.046493
0.470796,-0.029087,0.717631,-0.003590,-0.001872,0.000333,0.000000,1.000000,0.000000,0.000000,1.000000,-1.000000,1.000000,0.000000
0.471390,-0.028915,0.717576,-0.003665,-0.001361,0.000168,0.000000,1.000000,0.000000,0.000000,0.551343,-1.000000,1.000000,0.000000
0.471661,-0.030077,0.716819,-0.001108,0.000839,0.003343,0.000000,1.000000,0.000000,0.000000,0.701398,-1.000000,1.000000,0.000000
0.470408,-0.036433,0.712908,0.007962,0.004347,0.016758,0.000000,1.000000,0.000000,0.000000,0.657391,-1.000000,1.000000,0.000000
0.465625,-0.054253,0.701431,0.024269,0.005819,0.045212,0.000000,1.000000,0.000000,0.000000,0.690855,-1.000000,1.000000,0.000000
0.451341,-0.094769,0.673889,0.051002,0.002279,0.092249,0.000000,1.000000,0.000000,0.000000,0.736244,-1.000000,1.000000,0.000000
0.424078,-0.149632,0.633781,0.079852,-0.007570,0.139405,0.000000,0.311895,0.000000,-0.081528,0.816400,-1.000000,0.762574,0.000000
0.372948,-0.218062,0.576643,0.109634,-0.030090,0.178808,0.000000,0.000000,0.000000,-1.000000,1.000000,-1.000000,0.760704,0.000000
0.304947,-0.275267,0.516202,0.132298,-0.058865,0.196367,0.000000,0.000000,0.000000,-1.000000,0.744559,-0.260611,0.722514,0.000000
0.213647,-0.317675,0.447858,0.150063,-0.089404,0.191985,0.000000,0.000000,0.000000,-1.000000,0.643575,-0.050940,0.071098,0.000000
0.131701,-0.331529,0.393078,0.155784,-0.110185,0.169183,0.000000,0.000000,0.000000,-1.000000,0.182149,0.000000,0.000000,0.000000
0.053488,-0.325315,0.344100,0.150807,-0.127049,0.135911,-0.238810,0.000000,0.000000,-1.000000,0.000000,0.000000,0.000000,0.000000
-0.005633,-0.306466,0.308571,0.139950,-0.140128,0.106150,-0.552847,0.000000,-0.244778,-0.836565,0.000000,0.000000,0.000000,0.000000
-0.057246,-0.277292,0.277989,0.120441,-0.148627,0.081374,-0.594776,0.000000,-0.460848,0.000000,0.000000,0.000000,0.000000,0.000000
-0.092935,-0.247946,0.255703,0.097824,-0.150044,0.068254,-0.642001,0.000000,-0.721664,0.000000,0.000000,0.000000,0.000000,0.000000
-0.122258,-0.214854,0.234626,0.069673,-0.148640,0.060626,-0.509223,0.000000,-0.616819,0.000000,0.000000,0.000000,0.000000,0.000000
-0.142094,-0.183877,0.216261,0.042283,-0.142811,0.058487,-0.559143,0.162915,-0.608047,0.000000,0.000000,0.000000,0.000000,0.167991
-0.157351,-0.149449,0.195106,0.014009,-0.132175,0.061173,-0.459951,0.202787,-0.465313,0.000000,0.000000,0.000000,0.000000,0.319605
-0.165349,-0.119591,0.175208,-0.009818,-0.118523,0.064282,-0.464808,0.282337,-0.358705,0.000000,0.000000,0.000000,0.000000,0.557688
-0.168407,-0.089399,0.153182,-0.030177,-0.101849,0.065183,-0.400277,0.326615,-0.223602,0.000000,0.000000,0.000000,0.000000,0.693338
-0.166556,-0.064646,0.133277,-0.046144,-0.082341,0.062712,-0.370866,0.355653,-0.128601,0.000000,0.000000,0.000000,0.000000,0.794565
-0.160021,-0.042062,0.112977,-0.058491,-0.060630,0.056083,-0.296814,0.359195,-0.045623,0.000000,0.000000,0.000000,0.000000,0.770679
-0.151342,-0.027199,0.097489,-0.066009,-0.039113,0.047433,-0.220088,0.327344,0.000000,0.000000,0.000000,0.000000,0.000000,0.675914
-0.140182,-0.016712,0.083852,-0.069985,-0.018827,0.038193,-0.134111,0.264798,0.000000,0.000000,0.000000,0.000000,0.000000,0.494244
-0.129054,-0.011422,0.073822,-0.071696,-0.001998,0.030209,-0.037370,0.118965,0.000000,-0.017587,0.000000,0.000000,0.000000,0.285052
-0.116385,-0.009229,0.064818,-0.071234,0.010327,0.024483,0.000000,0.009342,0.000000,-0.138181,0.000000,0.000000,0.000000,0.085872
-0.105227,-0.009438,0.058061,-0.069587,0.017657,0.020864,0.000000,0.000000,0.000000,-0.235520,0.000000,-0.038158,0.000000,0.000000
-0.093447,-0.011058,0.051710,-0.068103,0.021786,0.018227,0.000000,0.000000,0.000000,-0.307745,0.000000,-0.108669,0.000000,0.000000
-0.082847,-0.013368,0.046662,-0.066017,0.023461,0.015454,0.000000,0.000000,0.000000,-0.342545,0.031043,-0.158156,0.080822,0.000000
-0.072621,-0.016133,0.042491,-0.063476,0.023432,0.012547,0.000000,0.000000,0.000000,-0.401232,0.055939,-0.187172,0.102201,0.000000
-0.061633,-0.019427,0.038963,-0.060817,0.021891,0.009113,0.000000,0.000000,0.000000,-0.387543,0.063608,-0.218319,0.167792,0.000000
-0.052233,-0.022260,0.036866,-0.058261,0.019217,0.005961,0.000000,0.000000,0.000000,-0.383930,0.095754,-0.266561,0.179848,0.000000
-0.042528,-0.024907,0.035630,-0.055112,0.015038,0.002852,0.000000,0.000000,0.000000,-0.339832,0.100277,-0.276224,0.231393,0.000000
-0.033984,-0.026770,0.035259,-0.052096,0.010615,0.000664,0.000000,0.040219,0.000000,-0.289058,0.122097,-0.310426,0.229656,0.000000
-0.024980,-0.028036,0.035422,-0.048652,0.005494,-0.000792,0.000000,0.049014,0.000000,-0.243353,0.117127,-0.307006,0.232998,0.000000
-0.017501,-0.028374,0.035758,-0.045620,0.000838,-0.001095,0.000000,0.085211,0.000000,-0.170109,0.134445,-0.312404,0.244407,0.000000
-0.010084,-0.027919,0.035951,-0.041182,-0.003920,-0.000288,0.000000,0.074813,0.000000,-0.152937,0.141775,-0.281747,0.210030,0.000000
-0.003872,-0.026817,0.035744,-0.037470,-0.007715,0.001035,0.000000,0.091123,0.000000,-0.082421,0.145079,-0.233387,0.236662,0.000000
0.002308,-0.024962,0.034940,-0.033295,-0.011048,0.002763,0.000000,0.079951,0.000000,-0.087804,0.163186,-0.196387,0.167622,0.000000
0.007144,-0.022904,0.033747,-0.029506,-0.013270,0.004120,0.000000,0.065859,0.000000,-0.028743,0.156657,-0.123693,0.212302,0.001850
0.011678,-0.020435,0.032124,-0.025420,-0.014616,0.004954,0.000000,0.079270,0.000000,-0.038422,0.181324,-0.100063,0.133827,0.051414
0.015305,-0.018080,0.030566,-0.022149,-0.014945,0.004938,0.000000,0.087901,0.000000,0.000000,0.142593,-0.059020,0.137629,0.086737
0.018819,-0.015491,0.028938,-0.019048,-0.014605,0.004528,0.000000,0.110272,0.000000,0.000000,0.148418,-0.089947,0.073674,0.110298
0.021560,-0.013267,0.027606,-0.016769,-0.014083,0.004168,0.000000,0.089592,0.000000,0.000000,0.114161,-0.064154,0.092855,0.130947
0.024171,-0.010991,0.026295,-0.014720,-0.013352,0.003795,0.000000,0.136358,0.000000,0.000000,0.124501,-0.091172,0.073561,0.141795
0.026317,-0.009017,0.025161,-0.013089,-0.012521,0.003578,0.000000,0.106922,0.000000,0.000000,0.091327,-0.072313,0.057292,0.149947
0.028455,-0.006977,0.023956,-0.011628,-0.011591,0.003412,0.000000,0.126114,0.000000,0.000000,0.106994,-0.093798,0.073927,0.159890
0.030146,-0.005323,0.022922,-0.010270,-0.010532,0.003263,0.000000,0.121420,0.000000,0.000000,0.089589,-0.071965,0.051112,0.164424
0.031768,-0.003731,0.021868,-0.009083,-0.009398,0.003079,0.000000,0.118494,0.000000,0.000000,0.092069,-0.091058,0.054376,0.162994
0.033092,-0.002443,0.020936,-0.007957,-0.008247,0.002942,0.000000,0.109703,0.000000,0.000000,0.088125,-0.077296,0.057609,0.166241
0.034382,-0.001215,0.019954,-0.006891,-0.007040,0.002761,0.000000,0.115385,0.000000,0.000000,0.089513,-0.086581,0.049122,0.159518
0.035371,-0.000309,0.019126,-0.005894,-0.005884,0.002612,0.000000,0.093707,0.000000,0.000000,0.083231,-0.080878,0.052059,0.156287
0.036272,0.000476,0.018288,-0.004933,-0.004763,0.002441,0.000000,0.098637,0.000000,0.000000,0.089987,-0.086347,0.056989,0.150528
0.036956,0.001031,0.017563,-0.003987,-0.003688,0.002280,0.000000,0.084962,0.000000,0.000000,0.082359,-0.081541,0.048578,0.142014
0.037556,0.001475,0.016804,-0.003069,-0.002697,0.002138,0.000000,0.076543,0.000000,0.000000,0.085548,-0.088177,0.057509,0.134755
0.037945,0.001727,0.016159,-0.002182,-0.001835,0.002040,0.000000,0.070457,0.000000,0.000000,0.083460,-0.082730,0.055139,0.127797
0.038201,0.001858,0.015541,-0.001364,-0.001097,0.001957,0.000000,0.062016,0.000000,0.000000,0.081673,-0.086429,0.053487,0.119127
0.038333,0.001883,0.014895,-0.000495,-0.000399,0.001891,0.000000,0.051860,0.000000,0.000000,0.080318,-0.083609,0.057176,0.114109
0.038326,0.001812,0.014311,0.000260,0.000141,0.001856,0.000000,0.049412,0.000000,0.000000,0.078815,-0.084192,0.053262,0.106911
0.038178,0.001642,0.013671,0.001046,0.000642,0.001820,0.000000,0.037370,0.000000,0.000000,0.074549,-0.082275,0.052282,0.101941
0.037928,0.001423,0.013109,0.001715,0.001020,0.001789,0.000000,0.034356,0.000000,0.000000,0.073823,-0.082188,0.052555,0.097476
0.037543,0.001129,0.012512,0.002397,0.001361,0.001760,0.000000,0.027881,0.000000,0.000000,0.068978,-0.080001,0.047566,0.092931
0.037088,0.000814,0.011967,0.002960,0.001610,0.001730,0.000000,0.021591,0.000000,0.000000,0.065812,-0.080342,0.046730,0.089265
0.036476,0.000423,0.011369,0.003534,0.001831,0.001701,0.000000,0.017882,0.000000,0.000000,0.062641,-0.078485,0.044573,0.086619
0.035847,0.000047,0.010844,0.004029,0.002002,0.001687,0.000000,0.013501,0.000000,0.000000,0.057625,-0.077856,0.039379,0.083094
0.035091,-0.000378,0.010286,0.004434,0.002106,0.001644,0.000000,0.007572,0.000000,0.000000,0.053891,-0.077115,0.038273,0.081254
0.034329,-0.000786,0.009778,0.004791,0.002192,0.001615,0.000000,0.006475,0.000000,0.000000,0.050393,-0.076000,0.034997,0.079323
0.033414,-0.001252,0.009223,0.005117,0.002257,0.001573,0.000000,0.001878,0.000000,0.000000,0.045372,-0.075472,0.030405,0.077228
0.032551,-0.001673,0.008739,0.005378,0.002299,0.001539,0.000000,0.000000,0.000000,0.000000,0.041487,-0.074850,0.028670,0.075862
0.031580,-0.002129,0.008228,0.005592,0.002315,0.001504,0.000000,0.000000,0.000000,0.000000,0.037170,-0.074329,0.023999,0.074365
0.030652,-0.002551,0.007765,0.005744,0.002320,0.001474,0.000000,0.000000,0.000000,0.000000,0.032028,-0.073963,0.019974,0.073069
0.029589,-0.003019,0.007255,0.005860,0.002315,0.001450,0.000000,0.000000,0.000000,0.000000,0.027995,-0.074261,0.016411,0.072332
0.028628,-0.003434,0.006808,0.005920,0.002299,0.001425,0.000000,0.000000,0.000000,0.000000,0.023214,-0.073359,0.011943,0.071454
0.027584,-0.003876,0.006332,0.005930,0.002273,0.001401,0.000000,0.000000,0.000000,0.000000,0.019700,-0.073892,0.008892,0.070805
0.026616,-0.004279,0.005896,0.005916,0.002246,0.001386,0.000000,0.000000,0.000000,0.000000,0.015803,-0.072846,0.005209,0.070253
0.025539,-0.004724,0.005413,0.005886,0.002223,0.001375,0.000000,0.000000,0.000000,0.000000,0.012713,-0.073012,0.001984,0.069636
0.024587,-0.005115,0.004986,0.005833,0.002201,0.001367,0.000000,0.000000,0.000000,0.000000,0.008983,-0.071764,0.000000,0.068999
0.023574,-0.005530,0.004528,0.005729,0.002165,0.001354,0.000000,0.000000,0.000000,0.000000,0.006501,-0.071995,0.000000,0.068354
0.022651,-0.005907,0.004106,0.005621,0.002132,0.001349,0.000000,0.000000,0.000000,0.000000,0.003820,-0.070671,0.000000,0.067850
0.021637,-0.006323,0.003633,0.005512,0.002100,0.001351,0.000000,0.000000,0.000000,0.000000,0.001812,-0.070425,0.000000,0.067182
0.020750,-0.006688,0.003209,0.005399,0.002071,0.001359,0.000000,0.000000,0.000000,0.000000,0.000000,-0.068755,0.000000,0.066607
0.019880,-0.007048,0.002782,0.005264,0.002036,0.001361,0.000000,0.000000,0.000000,0.000000,0.000000,-0.067988,0.000000,0.065826
0.018962,-0.007430,0.002319,0.005147,0.002012,0.001369,0.000000,0.000000,0.000000,0.000000,0.000000,-0.065715,0.000000,0.064960
0.018130,-0.007779,0.001890,0.005049,0.001996,0.001372,0.000000,0.000000,0.000000,0.000000,0.000000,-0.063956,0.000000,0.063528
0.017218,-0.008165,0.001411,0.004913,0.001968,0.001364,0.000000,0.000000,0.000000,0.000000,0.000000,-0.062029,0.000000,0.062258
0.016423,-0.008506,0.000985,0.004828,0.001961,0.001363,0.000000,0.000000,0.000000,0.000000,0.000000,-0.060233,0.000000,0.060861
0.015582,-0.008870,0.000528,0.004705,0.001944,0.001348,0.000000,0.000000,0.000000,0.000000,0.000000,-0.058525,0.000000,0.059460
0.014820,-0.009204,0.000110,0.004605,0.001935,0.001334,0.000000,0.000000,0.000000,0.000000,0.000000,-0.056925,0.000000,0.058013
0.013986,-0.009575,-0.000352,0.004495,0.001927,0.001314,0.000000,0.000000,0.000000,0.000000,0.000000,-0.055475,0.000000,0.056579
0.013257,-0.009904,-0.000759,0.004397,0.001920,0.001295,0.000000,0.000000,0.000000,0.000000,0.000000,-0.053880,0.000000,0.054999
0.012487,-0.010257,-0.001191,0.004288,0.001913,0.001271,0.000000,0.000000,0.000000,0.000000,0.000000,-0.052635,0.000000,0.053477
0.011790,-0.010582,-0.001584,0.004170,0.001898,0.001242,0.000000,0.000000,0.000000,0.000000,0.000000,-0.051236,0.000000,0.051920
0.011054,-0.010931,-0.002001,0.004076,0.001894,0.001222,0.000000,0.000000,0.000000,0.000000,0.000000,-0.050173,0.000000,0.050476
0.010360,-0.011265,-0.002396,0.004066,0.001927,0.001226,0.000000,0.000000,0.000000,-0.002760,0.000000,-0.048774,0.000000,0.048935
0.009656,-0.011610,-0.002799,0.003915,0.001893,0.001185,0.000000,0.000000,0.000000,-0.007169,0.000000,-0.047069,0.000000,0.046959
0.009018,-0.011927,-0.003164,0.003833,0.001885,0.001161,0.000000,0.000000,0.000000,-0.009814,0.000000,-0.045975,0.000000,0.045232
0.008319,-0.012277,-0.003563,0.003741,0.001866,0.001127,0.000000,0.000000,0.000000,-0.013113,0.000000,-0.044656,0.000000,0.043654
0.007709,-0.012586,-0.003907,0.003659,0.001846,0.001091,0.000000,0.000000,0.000000,-0.016201,0.000000,-0.043433,0.000000,0.041860
0.007065,-0.012914,-0.004265,0.003578,0.001817,0.001048,0.000000,0.000000,0.000000,-0.018818,0.000000,-0.042370,0.000000,0.040237
-0.023565,0.334779,0.250975,0.003501,0.001782,0.000998,0.000000,0.000000,0.000000,-0.021436,0.000000,-0.041301,0.000000,0.038606
-0.023855,0.334460,0.250657,0.003424,0.001996,0.000854,-0.195440,1.000000,-0.121670,0.000000,0.000000,0.000000,0.398487,1.000000
-0.024303,0.333710,0.250544,0.003517,0.005963,0.000160,-0.184390,1.000000,-0.322980,0.000000,0.000000,0.000000,0.000000,1.000000
-0.025263,0.331209,0.250962,0.002742,0.017169,-0.001732,-0.037845,1.000000,-0.137576,0.000000,0.000000,0.000000,0.000000,1.000000
-0.026578,0.326082,0.251947,0.001440,0.036345,-0.003581,-0.143577,1.000000,-0.296075,0.000000,0.000000,0.000000,0.000000,0.933553
-0.027889,0.315976,0.253328,-0.001190,0.061425,-0.003729,-0.034204,1.000000,-0.255725,0.000000,0.000000,-0.102941,0.000000,0.693828
-0.027291,0.302725,0.253145,-0.002992,0.087891,0.002475,-0.067131,1.000000,-0.332382,0.000000,0.000000,-0.258494,0.000000,0.409866
-0.023032,0.285801,0.249290,-0.004239,0.111704,0.016069,-0.036345,1.000000,-0.268645,0.000000,0.000000,-0.339050,0.000000,0.146951
-0.012880,0.264119,0.238414,-0.002965,0.132387,0.038472,-0.083262,0.496049,-0.218717,0.000000,0.000000,-0.307321,0.000000,0.000000
0.000258,0.241719,0.222463,-0.000633,0.142532,0.054745,-0.058749,0.000000,-0.058248,0.000000,0.000000,-0.156725,0.000000,0.000000
0.015601,0.215095,0.201126,0.003085,0.143997,0.062680,-0.088817,0.000000,-0.022237,0.000000,0.000000,-0.040558,0.000000,0.000000
0.027796,0.190777,0.181037,0.007088,0.140617,0.064501,-0.050315,0.000000,0.000000,-0.441159,0.000000,-0.047925,0.000000,0.000000
0.038425,0.164732,0.159509,0.011115,0.133703,0.063114,-0.007158,0.000000,0.000000,-0.602629,0.000000,-0.011752,0.000000,0.000000
0.045621,0.141504,0.140620,0.014290,0.125550,0.059207,0.000000,0.000000,0.000000,-0.727323,0.000000,-0.033718,0.000000,0.000000
0.050533,0.117340,0.121934,0.017173,0.114166,0.050744,0.000000,0.000000,0.000000,-0.762024,0.000000,-0.053767,0.010648,0.000000
0.052104,0.098088,0.108766,0.019529,0.102500,0.039029,0.000000,0.000000,0.000000,-0.700920,0.000000,-0.129272,0.066664,0.000000
0.051235,0.080135,0.099173,0.021464,0.090157,0.024360,0.000000,0.000000,0.000000,-0.567571,0.000000,-0.231183,0.076569,0.000000
0.048813,0.066041,0.094432,0.022148,0.079720,0.012162,0.000000,0.000000,0.000000,-0.334430,0.000000,-0.379156,0.092716,0.000000
0.045164,0.052629,0.092596,0.022093,0.070126,0.003396,0.000000,0.000000,0.000000,-0.164335,0.000000,-0.490578,0.057769,0.000000
0.041653,0.042268,0.092447,0.021744,0.062030,0.000029,0.000000,0.000000,0.000000,-0.004468,0.000000,-0.571274,0.059919,0.000000
0.037936,0.032412,0.092092,0.021421,0.054286,0.001677,0.000000,0.000000,0.000000,0.000000,0.000000,-0.574056,0.014419,0.000000
0.034642,0.024393,0.090391,0.021308,0.046323,0.006895,0.000000,0.000000,0.000000,0.000000,0.000000,-0.519113,0.035781,0.000000
0.031052,0.016644,0.086145,0.021433,0.038238,0.013863,0.000000,0.000000,0.000000,-0.024518,0.000000,-0.409619,0.000000,0.000000
0.027961,0.011008,0.080441,0.021372,0.030705,0.020235,0.000000,0.000000,0.000000,-0.104557,0.000000,-0.276193,0.000000,0.000000
0.024245,0.005518,0.071819,0.021972,0.024755,0.025819,0.000000,0.000000,0.000000,-0.172734,0.000000,-0.146829,0.000000,0.000000
0.020791,0.001488,0.062993,0.022098,0.019737,0.028807,0.000000,0.000000,0.000000,-0.262553,0.000000,-0.023429,0.000000,0.000000
0.016782,-0.002182,0.052705,0.022144,0.015759,0.029348,0.000000,0.000000,0.000000,-0.293498,0.000000,0.000000,0.000000,0.000000
0.013116,-0.004784,0.043754,0.022090,0.012576,0.028266,-0.030552,0.000000,0.000000,-0.322677,0.000000,0.000000,0.000000,0.013859
0.009120,-0.006925,0.034787,0.021871,0.009582,0.025899,-0.048765,0.000000,0.000000,-0.306132,0.000000,0.000000,0.000000,0.052957
0.005435,-0.008335,0.027380,0.021642,0.006880,0.022931,-0.068379,0.000000,0.000000,-0.264312,0.000000,0.000000,0.000000,0.079651
0.001374,-0.009343,0.020240,0.021173,0.004428,0.019523,-0.083128,0.000000,0.000000,-0.212495,0.000000,0.000000,0.000000,0.096892
-0.002155,-0.009828,0.014911,0.020668,0.002525,0.016290,-0.098525,0.000000,0.000000,-0.157908,0.000000,0.000000,0.000000,0.109158
-0.005830,-0.010027,0.010199,0.020004,0.001087,0.013268,-0.108513,0.000000,0.000000,-0.103507,0.000000,0.000000,0.000000,0.113588
-0.009091,-0.010011,0.006685,0.019262,0.000163,0.010618,-0.120091,0.000000,0.000000,-0.058579,0.000000,0.000000,0.000000,0.114985
-0.012205,-0.009891,0.003857,0.018472,-0.000293,0.008525,-0.126885,0.000000,-0.007418,-0.018961,0.000000,0.000000,0.000000,0.110499
-0.015494,-0.009715,0.001343,0.017427,-0.000418,0.006727,-0.131513,0.000000,-0.029918,0.000000,0.000000,0.000000,0.000000,0.104407
-0.018233,-0.009570,-0.000439,0.016306,-0.000297,0.005394,-0.127718,0.000000,-0.039726,0.000000,0.000000,0.000000,0.000000,0.094670
-0.020974,-0.009462,-0.001959,0.015070,-0.000010,0.004189,-0.128193,0.000000,-0.047586,0.000000,0.000000,0.000000,0.000000,0.085200
-0.023311,-0.009427,-0.003053,0.013933,0.000331,0.003267,-0.126909,0.000000,-0.053851,0.000000,0.000000,0.000000,0.000000,0.073487
-0.025703,-0.009471,-0.003973,0.012692,0.000733,0.002394,-0.125818,0.000000,-0.058254,0.000000,0.000000,0.000000,0.000000,0.062724
-0.027643,-0.009584,-0.004551,0.011581,0.001069,0.001676,-0.124549,0.000000,-0.062984,0.000000,0.000000,0.000000,0.000000,0.050551
-0.029535,-0.009779,-0.004943,0.010424,0.001392,0.000974,-0.121564,0.000000,-0.064819,0.000000,0.000000,0.000000,0.000000,0.039443
-0.031103,-0.010017,-0.005116,0.009357,0.001630,0.000410,-0.119326,0.000000,-0.067951,0.000000,0.000000,0.000000,0.000000,0.027729
-0.032653,-0.010341,-0.005122,0.008214,0.001834,-0.000120,-0.115183,0.000000,-0.067971,0.000000,0.000000,0.000000,0.000000,0.017571
-0.033860,-0.010671,-0.004986,0.007271,0.001989,-0.000528,-0.111928,0.000000,-0.069214,0.000000,0.000000,0.000000,0.000000,0.007338
-0.034982,-0.011061,-0.004717,0.006170,0.002084,-0.000891,-0.107940,0.000000,-0.068701,0.000000,0.000000,0.000000,0.000000,0.000000
-0.035860,-0.011444,-0.004374,0.005253,0.002148,-0.001162,-0.102506,0.000000,-0.066980,0.000000,0.000000,0.000000,0.000000,0.000000
-0.036668,-0.011893,-0.003903,0.004281,0.002186,-0.001405,-0.098567,0.000000,-0.067437,0.000000,0.000000,0.000000,0.000000,0.000000
-0.037241,-0.012307,-0.003419,0.003466,0.002216,-0.001595,-0.091787,0.000000,-0.065175,0.000000,0.000000,0.000000,0.000000,0.000000
-0.037713,-0.012762,-0.002841,0.002632,0.002208,-0.001742,-0.087681,0.000000,-0.064827,0.000000,0.000000,0.000000,0.000000,0.000000
-0.038021,-0.013188,-0.002263,0.001863,0.002209,-0.001877,-0.080799,0.000000,-0.061528,0.000000,0.000000,-0.007648,0.000000,0.000000
-0.038232,-0.013668,-0.001580,0.001148,0.002193,-0.001975,-0.076278,0.000000,-0.057212,0.000000,0.000000,-0.012982,0.000000,0.000000
-0.038309,-0.014095,-0.000947,0.000503,0.002157,-0.002036,-0.071180,0.000000,-0.053235,0.000000,0.000000,-0.019663,0.000000,0.000000
-0.038287,-0.014550,-0.000250,-0.000082,0.002124,-0.002085,-0.066363,0.000000,-0.048277,0.000000,0.000000,-0.024293,0.000000,0.000000
-0.038178,-0.014962,0.000400,-0.000615,0.002044,-0.002076,-0.061731,0.000000,-0.044414,0.000000,0.000000,-0.030196,0.000000,0.000000
-0.037967,-0.015409,0.001123,-0.001089,0.001965,-0.002055,-0.056946,0.000000,-0.038930,0.000000,0.000000,-0.033668,0.000000,0.000000
-0.037708,-0.015791,0.001755,-0.001500,0.001874,-0.002011,-0.052719,0.000000,-0.035074,0.000000,0.000000,-0.038530,0.000000,0.000000
-0.037364,-0.016182,0.002415,-0.001856,0.001764,-0.001936,-0.048316,0.000000,-0.029885,0.000000,0.000000,-0.041477,0.000000,0.000000
-0.036995,-0.016521,0.002998,-0.002167,0.001638,-0.001837,-0.044651,0.000000,-0.025882,0.000000,0.000000,-0.044628,0.000000,0.000000
-0.036533,-0.016870,0.003609,-0.002430,0.001498,-0.001716,-0.040833,0.000000,-0.021069,0.000000,0.000000,-0.046493,0.000000,0.000000
-0.036086,-0.017152,0.004113,-0.002653,0.001353,-0.001581,-0.037329,0.000000,-0.016873,0.000000,0.000000,-0.048614,0.000000,0.000000
-0.035572,-0.017422,0.004605,-0.002822,0.001189,-0.001422,-0.034338,0.000000,-0.012553,0.000000,0.000000,-0.049233,0.000000,0.000000
-0.035075,-0.017639,0.005010,-0.002969,0.001021,-0.001253,-0.031475,0.000000,-0.008598,0.000000,0.000000,-0.049852,0.000000,0.000000
-0.034561,-0.017824,0.005362,-0.003073,0.000858,-0.001080,-0.029026,0.001891,-0.004625,0.000000,0.000000,-0.049379,0.000000,0.000000
-0.033974,-0.017991,0.005688,-0.003160,0.000684,-0.000871,-0.027034,0.003351,-0.001276,0.000000,0.000000,-0.049089,0.000000,0.000000
-0.033442,-0.018107,0.005914,-0.003214,0.000529,-0.000675,-0.024482,0.003489,0.000000,0.000000,0.000000,-0.047970,0.000000,0.000000
-0.032864,-0.018197,0.006088,-0.003256,0.000361,-0.000459,-0.021954,0.002308,0.000000,0.000000,0.000000,-0.046731,0.000000,0.000000
-0.032328,-0.018247,0.006189,-0.003267,0.000206,-0.000273,-0.018770,0.000002,0.000000,0.000000,0.000000,-0.044811,0.000000,0.000000
-0.031729,-0.018267,0.006236,-0.003283,0.000038,-0.000083,-0.016413,0.000000,0.000000,0.000000,0.000000,-0.042784,0.000000,0.000000
-0.031198,-0.018253,0.006222,-0.003282,-0.000110,0.000084,-0.013551,0.000000,0.000000,0.000000,0.000000,-0.040702,0.000000,0.000000
-0.030630,-0.018208,0.006150,-0.003266,-0.000263,0.000262,-0.011573,0.000000,0.000000,0.000000,0.000000,-0.038398,0.000000,0.000000
-0.030111,-0.018138,0.006032,-0.003241,-0.000393,0.000415,-0.009387,0.000000,0.000000,0.000000,0.000000,-0.035561,0.000000,0.000000
-0.029537,-0.018032,0.005846,-0.003209,-0.000524,0.000574,-0.007687,0.000000,0.000000,0.000000,0.000000,-0.033082,0.000000,0.000000
-0.029034,-0.017914,0.005635,-0.003174,-0.000632,0.000707,-0.005737,0.000000,0.000000,0.000000,0.000000,-0.029865,0.000000,0.000000
-0.028500,-0.017765,0.005364,-0.003129,-0.000731,0.000833,-0.004313,0.000000,0.000000,0.000000,0.000000,-0.027269,0.000000,0.000000
-0.028015,-0.017610,0.005075,-0.003079,-0.000821,0.000948,-0.002741,0.000000,0.000000,0.000000,0.000000,-0.024124,0.000000,0.000000
-0.027483,-0.017419,0.004716,-0.003030,-0.000900,0.001052,-0.001585,0.000000,0.000000,0.000000,0.000000,-0.021238,0.000000,0.000000
-0.027018,-0.017235,0.004366,-0.002979,-0.000965,0.001140,-0.000073,0.000000,0.000000,0.000000,0.000000,-0.018104,0.000000,0.000000
-0.026527,-0.017025,0.003962,-0.002916,-0.001015,0.001212,0.000000,0.000000,0.000000,0.000000,0.000000,-0.015365,0.000000,0.001464
-0.026083,-0.016823,0.003567,-0.002867,-0.001060,0.001277,0.000000,0.000000,0.000000,0.000000,0.000000,-0.013067,0.000000,0.005309
-0.025596,-0.016589,0.003109,-0.002794,-0.001083,0.001316,0.000000,0.000000,0.000000,0.000000,0.000000,-0.011519,0.000000,0.008882
-0.025189,-0.016387,0.002707,-0.002744,-0.001101,0.001347,0.000000,0.000000,0.000000,0.000000,0.000000,-0.009674,0.000000,0.012538
-0.024724,-0.016149,0.002232,-0.002684,-0.001102,0.001358,0.000000,0.000000,0.000000,0.000000,0.000000,-0.008575,0.000000,0.015488
-0.024318,-0.015939,0.001808,-0.002622,-0.001091,0.001351,0.000000,0.000000,0.000000,0.000000,0.000000,-0.006873,0.000000,0.018795
-0.023873,-0.015709,0.001341,-0.002566,-0.001068,0.001329,0.000000,0.000000,0.000000,0.000000,0.000000,-0.006350,0.000000,0.021097
-0.023484,-0.015509,0.000934,-0.002512,-0.001035,0.001292,0.000000,0.000000,0.000000,0.000000,0.000000,-0.005023,0.000000,0.023802
-0.023104,-0.015318,0.000542,-0.002455,-0.000990,0.001240,0.000000,0.000000,0.000000,0.000000,0.000000,-0.004997,0.000000,0.025469
-0.022701,-0.015123,0.000140,-0.002398,-0.000933,0.001170,0.000000,0.000000,0.000000,0.000000,0.000000,-0.004441,0.000000,0.027119
-0.022335,-0.014954,-0.000209,-0.002346,-0.000873,0.001096,0.000000,0.000000,0.000000,0.000000,0.000000,-0.004574,0.000000,0.028324
-0.021933,-0.014780,-0.000570,-0.002284,-0.000798,0.001001,0.000000,0.000000,0.000000,0.000000,0.000000,-0.004699,0.000000,0.029248
-0.021582,-0.014639,-0.000862,-0.002248,-0.000731,0.000916,0.000000,0.000000,0.000000,0.000000,0.000000,-0.005208,0.000000,0.029845
-0.021210,-0.014503,-0.001145,-0.002182,-0.000644,0.000805,0.000000,0.000000,0.000000,0.000000,0.000000,-0.005712,0.000000,0.030281
-0.020871,-0.014393,-0.001374,-0.002139,-0.000569,0.000707,0.000000,0.000000,0.000000,0.000000,0.000000,-0.006840,0.000000,0.030092
-0.020500,-0.014286,-0.001594,-0.002086,-0.000484,0.000596,0.000000,0.000000,0.000000,0.000000,0.000000,-0.007536,0.000000,0.030040
-0.020175,-0.014207,-0.001757,-0.002044,-0.000409,0.000498,0.000000,0.000000,0.000000,0.000000,0.000000,-0.008977,0.000000,0.029505
-0.019830,-0.014137,-0.001899,-0.001997,-0.000332,0.000397,0.000000,0.000000,0.000000,0.000000,0.000000,-0.009946,0.000000,0.029065
-0.019517,-0.014086,-0.001999,-0.001949,-0.000258,0.000298,0.000000,0.000000,0.000000,0.000000,0.000000,-0.011463,0.000000,0.028299
-0.019173,-0.014043,-0.002079,-0.001903,-0.000189,0.000207,0.000000,0.000000,0.000000,0.000000,0.000000,-0.012770,0.000000,0.027458
-0.018872,-0.014018,-0.002124,-0.001862,-0.000127,0.000123,0.000000,0.000000,0.000000,0.000000,0.000000,-0.014260,0.000000,0.026583
-0.018553,-0.014002,-0.002146,-0.001818,-0.000071,0.000049,0.000000,0.000000,0.000000,0.000000,0.000000,-0.015614,0.000000,0.025685
